-7.610265289580612699e-03,-7.610265289580612699e-03,4.492676443716860785e-02,-1.833533661796956857e-02,-7.610265289580612699e-03,-2.954765923894980481e-02,-1.522861013236892144e-02,2.579369220688889075e-01,-4.253536748139291439e-03,6.024021244371269290e-02,-4.952409090638584810e-02,1.407632757030936009e-02,-4.594680120479580770e-02,1.070051211189160523e-01,-4.189851947180616570e-02,-1.207661324300896011e-02,-3.897755777594155702e-02,3.638499354184480949e-02,-2.990937827750964062e-02,-5.203095671604423406e-02,1.197551978488083230e-01,1.522844830859962535e-02,1.522844830859962535e-02,7.153477962107455956e-02,1.930335148346473129e-01,-1.076444374425234232e-02,-5.276614350225188738e-02,8.990778776633966130e-02,-2.993999753724413057e-02,-8.128661401554589105e-02,-7.854163946624355408e-02,-6.357327294621417657e-02,-6.253095592854650275e-02,-6.434050782230420207e-02,-1.555432875296964765e-02,-8.105302512326051367e-02,2.703194519808309153e-03,-2.015626289504409904e-02,2.800580018111265695e-02,4.200680539803617469e-02,-5.654625759543716740e-02,-2.335359395822085571e-02,-4.463628596674905358e-02,-4.375146088048749438e-02
-4.985911401200413158e-03,-4.985911401200413158e-03,-8.638907185434394759e-03,-3.254920760213638603e-02,-4.985911401200413158e-03,-1.935832792583019532e-02,-9.977116170624140967e-03,-9.402244844081403263e-02,-2.485414268646737521e-02,-2.553638307091454090e-02,-4.694837677598334702e-02,-1.411977284224633263e-02,1.922163090644196312e-02,-3.254920760213638603e-02,-2.745006881874522894e-02,-3.592553355046150532e-02,-2.553638307091454090e-02,-3.446312264652472146e-02,-3.052301390424992308e-02,-3.408839645328402140e-02,-2.553638307091454090e-02,1.353345149509084348e-02,-2.121729863776295605e-02,-1.579198495316849749e-02,-3.869638370287282331e-02,-7.052390521199020969e-03,-3.300561837750654731e-02,-1.233420534987097160e-02,-2.570159591290710130e-02,-7.780557067817077399e-02,-4.410331336247214074e-02,-5.433150911206217903e-02,-3.229087258159051704e-02,7.479594413468199088e-01,-2.400514558086745687e-02,-6.405412150348996358e-02,-1.730539270345781214e-02,-1.320549772576081263e-02,-1.115672980568552415e-02,5.797115534745848203e-02,-2.774661498062010873e-02,-4.969355425866158610e-02,-2.924373312104611849e-02,-4.405426398764816787e-02
-1.001035607300022716e-03,-1.001035607300022716e-03,-1.734457956613064383e-03,-6.534996949864453099e-03,-1.001035607300022716e-03,1.793701328903530845e-01,-2.003133979187641817e-03,-1.887715428559860742e-02,-8.541246815550415997e-03,-5.127012230799853423e-03,-9.425959082702856096e-03,-2.834866937000406640e-03,-6.043729396727884340e-03,-6.534996949864453099e-03,-5.511228359128944425e-03,-7.212871509631146351e-03,-5.127012230799853423e-03,-6.919259114715328902e-03,-6.128192280535006004e-03,-6.844024271526655961e-03,-5.127012230799853423e-03,-4.259857369708856117e-03,-4.259857369708856117e-03,-3.170601716721602962e-03,-7.769182972443867963e-03,1.000000000000000000e+00,-9.759908437146927462e-03,-9.139519706862742413e-03,-8.663852537771516218e-03,-1.750323654354795505e-02,-1.154113221985349387e-02,-1.090829155255856019e-02,-9.649714558376303736e-03,-1.286032808442560960e-02,-4.819581326512062912e-03,-1.286032808442560960e-02,-3.474452893467078370e-03,-2.651305322518041855e-03,-2.239968362419714198e-03,-1.870861164674600050e-02,-8.963780939376025936e-03,-9.977116170624140967e-03,-5.871347440609984113e-03,7.347053512656191721e-02
-4.653687588530941097e-03,-4.653687588530941097e-03,-8.063275078985068442e-03,-3.038037206158738027e-02,-4.653687588530941097e-03,-1.806843386375825075e-02,-9.312315834851436075e-03,-6.891998749862970897e-02,-3.970717325761754374e-02,-2.383482966112774812e-02,-4.382008838975071097e-02,-1.317893687661955172e-02,-1.791903585874988570e-03,-3.038037206158738027e-02,-2.562100171602709614e-02,8.304053676582443533e-01,4.394327698865426735e-01,-3.216675813443822113e-02,-2.848918874422164474e-02,-3.181700088962199219e-02,3.794567933327486903e-02,-1.980353668317080124e-02,-1.980353668317080124e-02,-1.473972529017138731e-02,-3.611794636297262912e-02,-6.582472009044414325e-03,-2.873026688147946317e-02,-4.248846805727418685e-02,-4.027715171155299423e-02,-8.137032695722819231e-02,-5.365326006133721432e-02,-5.071126405496997891e-02,-4.486029921982888358e-02,-5.978603433732819494e-02,-2.240562237501156351e-02,-5.978603433732819494e-02,2.919093418425701414e-02,1.062916242545847295e-01,-1.041332884752256896e-02,4.570315452095589231e-02,1.239424507844664493e-02,-3.007709855776585436e-02,2.681679413073474391e-02,-2.286794272443554848e-02
-1.487767499478732242e-02,-1.487767499478732242e-02,1.030532350366007016e-02,1.273408165396545666e-01,4.757407635960161918e-02,3.943541641134980930e-02,-2.977114509817509885e-02,4.266793435782354482e-01,-8.891981530958477375e-02,1.027679796712132644e-02,-3.599657418418083371e-02,-1.999505411555348167e-02,-3.712214833316672402e-02,-7.755725185027607937e-02,-8.190943833689301457e-02,-8.047686766969293359e-02,2.261903250778157098e-02,-8.430366387648498272e-02,-1.829093852032519923e-02,4.783384617074690204e-02,-7.619910931028277268e-02,-3.368778350963129442e-02,-3.368778350963129442e-02,-4.712238159692251627e-02,-9.885242647289992080e-02,-2.104393072156404351e-02,-1.064958648915381723e-02,-1.215354375484749699e-01,-6.125187271782760179e-02,2.877070179235839339e-02,-4.406224838900711649e-02,-8.899611585200462027e-02,-1.162016469402831625e-01,1.972751319479277773e-02,1.380746058079571348e-01,-1.012162078172785251e-01,2.655835183372847776e-03,-3.940445136288840688e-02,-5.320238752235204385e-03,1.984189693653515274e-01,-4.600824853159759392e-02,-6.255113150176506986e-02,2.105218540378290051e-02,-6.521395176799661686e-02
-2.460752552604810080e-03,-2.460752552604810080e-03,-4.263656370459284993e-03,-1.606437404261477561e-02,-2.460752552604810080e-03,-9.554131837597179544e-03,-4.924117600362314107e-03,-4.640394932553019991e-02,-2.099615113640415295e-02,-1.260325640983473404e-02,-2.317095686143533229e-02,-6.968689226084607766e-03,-1.485673679517127491e-02,7.412793278827145560e-02,-1.354773911518807397e-02,-1.773072990561036857e-02,-1.260325640983473404e-02,-1.700896991525973137e-02,-1.506436403181806057e-02,-1.682402711095660683e-02,-1.260325640983473404e-02,6.067364420270335845e-01,-1.047161042004948056e-02,6.353274441925639282e-01,1.907108723399651706e-02,-3.480645077814307174e-03,-2.399187344062219535e-02,1.024368924393972632e-02,-2.129754135840961418e-02,-4.302657536783551645e-02,-2.837048988352549803e-02,9.303963372830736499e-04,-2.372099409678186596e-02,-3.161334614903555523e-02,-1.184752766556335796e-02,-3.161334614903555523e-02,7.536155149112494511e-02,-6.517456814266553086e-03,-5.506305495411125718e-03,-4.598963666196975719e-02,-2.203482739945028870e-02,-2.452581497147461945e-02,8.566191898706622398e-02,-2.174259304620440592e-02
-1.662090259680404315e-03,-1.662090259680404315e-03,-2.879843288778970341e-03,-1.085051790186266490e-02,-1.662090259680404315e-03,-6.453241082758706323e-03,-3.325945102614886496e-03,-3.134307515114596182e-02,-1.418163653133449990e-02,-8.512741233110522956e-03,-1.565058691744511052e-02,-4.706930192210647367e-03,-1.003483161756789192e-02,-1.085051790186266490e-02,-9.150682461025808068e-03,-1.197604100499407957e-02,-8.512741233110522956e-03,-1.148853556747295862e-02,2.727490067842391896e-01,-1.136361783313806495e-02,-8.512741233110522956e-03,-7.072942650779087334e-03,-7.072942650779087334e-03,-5.264374406123910159e-03,-1.289972429552507967e-02,-2.350966282699120963e-03,-1.620506666342051705e-02,-1.517499135111267418e-02,-1.438520748845001015e-02,-1.960881864189614222e-03,-1.916255856276745731e-02,-1.811180841824706900e-02,-1.602210396834211070e-02,-2.135291281303223349e-02,-8.002291946576476842e-03,4.907996251414459277e-02,-5.768880017690753911e-03,-4.402149853472001571e-03,-3.719177989294276000e-03,4.605962970019141650e-02,-1.488319983884495504e-02,2.782477348839195591e-02,-9.748613656769274105e-03,-1.468581312007071968e-02
-5.574649816993023678e-03,-5.574649816993023678e-03,-9.658992806953366900e-03,-3.639263107620230309e-02,-5.574649816993023678e-03,-2.164416704296797181e-02,-1.115521804524989037e-02,-8.914820927483090018e-02,-3.160444403959795923e-02,1.281921736763797226e-01,8.190173307611106068e-01,2.657336995901659615e-01,-3.365681972721941417e-02,-3.639263107620230309e-02,-3.069138394236641670e-02,-4.016763494518558325e-02,-2.855172941473922352e-02,-3.853254197581653523e-02,-3.412718361470194056e-02,-3.811356796354892912e-02,-2.425229136660130361e-03,-2.372264576133756298e-02,1.956881173571566046e-01,-1.765670886328665756e-02,-2.580129710083028938e-02,-7.885139619388348980e-03,-5.435178467802798119e-02,-5.089691264698070067e-02,-3.250069458559234209e-02,-9.747347015702206852e-02,-1.596425758340999299e-02,-4.803468415276224146e-02,-3.950439940356512830e-02,-4.968507437433484358e-02,-2.683968278839751059e-02,-7.161765783305103217e-02,-1.934882040705675557e-02,-1.476480818782508614e-02,-1.247412093093578159e-02,8.325201945774294773e-03,-3.466783894759426637e-02,-3.685477039420623495e-04,-9.811620043060461510e-03,4.339054456923669562e-02
-6.975694935567551547e-03,-6.975694935567551547e-03,-1.208653268242271608e-02,-4.553898462220848375e-02,-6.975694935567551547e-03,1.414046130038515980e-01,4.029379368699134711e-02,-7.899671449150662272e-02,-5.951949333287834265e-02,-1.434236582651491482e-02,-6.568459159352402210e-02,-1.975470881478322283e-02,-4.211559732466120531e-02,-2.865225086621476722e-02,4.129395400779516112e-02,-5.026273880141159112e-02,2.842420989049030192e-02,-3.223532009698241996e-02,-4.270417510003716999e-02,-3.154194137513401108e-02,-3.572747362049068232e-02,7.292859803071362335e-02,-4.029309965942204710e-03,-2.209426935140768739e-02,-5.413938317394068750e-02,-9.866867034686635160e-03,-6.801171043279762018e-02,-6.368854501054152517e-02,-6.037386865113112538e-02,-9.412654250051738503e-02,-8.042412976086918408e-02,-7.601419328540534592e-02,-6.724382677664669794e-02,-7.162496429798842490e-02,8.001058275515057772e-02,9.840397978979226190e-01,7.167338326441790794e-03,-1.847556368231096507e-02,-1.560917099013805175e-02,-1.237540538148863833e-01,-3.747734607750476121e-02,6.611796425738444838e-02,1.528601074963193730e-02,-4.898423755435978716e-02
-5.145010591468658981e-03,-5.145010591468658981e-03,-8.914572560810745880e-03,-1.138369672287617429e-02,-5.145010591468658981e-03,-1.997604734563481615e-02,6.109801760619609085e-02,-4.550315603775867412e-02,-4.389934285043273904e-02,-2.635124269075938414e-02,-4.844648777885216667e-02,-1.457033127483943653e-02,-3.106288280993773493e-02,-3.358784470509936643e-02,-2.832599367389177641e-02,-3.707190837301791581e-02,-2.635124269075938414e-02,-1.455135245985812384e-02,-3.149699567126314909e-02,-3.517614868890430596e-02,-2.635124269075938414e-02,-2.189433734970936893e-02,-2.189433734970936893e-02,-1.629590325748744503e-02,-3.993117566326629536e-02,-7.277430545197055567e-03,-5.016288323281918593e-02,8.544591424282519387e-01,2.773916914444066184e-01,-8.085324691382758666e-02,-5.931781754381663246e-02,-5.606521402781734775e-02,-4.959652108820072902e-02,-5.429794063713344610e-02,-2.477114379400615490e-02,-5.429794063713344610e-02,-1.785760347193060538e-02,4.037440144218685384e-02,5.235650700102944394e-02,-2.700081721780159955e-02,-1.324143040359011293e-02,-6.725049283024127009e-03,-3.017689335707817930e-02,-4.546002457268601832e-02
-8.481086646883601032e-03,-8.481086646883601032e-03,-1.469487010066294549e-02,-4.103710374323837895e-02,-8.481086646883601032e-03,-3.292871518700157818e-02,7.502330543879115465e-02,-8.147306370811754905e-02,-7.236411351089017119e-02,-2.529734971184751519e-02,-6.973479939331575506e-02,-2.401787903422705414e-02,-3.574984946191184926e-02,-5.536653737863418689e-02,-4.669284978843493694e-02,-6.110970259191346454e-02,-4.343765062096663354e-02,-5.862212658190873310e-02,-3.667193823358976673e-02,-5.798471346763518081e-02,-4.343765062096663354e-02,-3.609084351485850745e-02,-1.433193542685082776e-02,-2.686232905820552103e-02,-5.368156848410308296e-02,-1.199618891413696369e-02,-5.328008429257442835e-02,-7.743286850092186147e-02,-7.340286752321296959e-02,8.654873203434386708e-01,-9.778008059445714162e-02,-7.470616385112605062e-02,-6.194178807102785483e-02,-8.600020484188593273e-02,-4.083299987909439627e-02,-1.013035681914696007e-01,-2.943665122910864296e-02,-2.246268764431659862e-02,-1.897771231055302502e-02,-1.761102535715651160e-02,-5.472497095304497405e-02,4.988107141489521446e-02,6.149108166385382906e-02,-1.049272260092203903e-02
1.124289147360789942e-01,1.124289147360789942e-01,-1.090692382805004586e-02,8.826617228465233334e-02,-6.294888311566541016e-03,-2.444056911288914474e-02,-1.259645968648429558e-02,-1.043559835291000548e-01,-5.371057168528758918e-02,-3.224058078410371037e-02,-5.927397509370228162e-02,-1.782670927630837510e-02,-3.800524303061182663e-02,-4.109451813285544541e-02,-3.465667627331166928e-02,-2.855116688618426074e-02,-3.224058078410371037e-02,-4.351090311702320024e-02,-3.853637740401609502e-02,-4.303779813298742873e-02,-3.224058078410371037e-02,-2.678758494699976997e-02,-2.678758494699976997e-02,-1.993793581534587106e-02,-4.885554392572263871e-02,-8.903890801150221926e-03,-6.137397420723544883e-02,-5.747273659049693256e-02,-5.448156256924067964e-02,-7.205221135064468485e-02,9.742967034014995420e-01,-2.300549737510367010e-02,-6.068103366204315174e-02,-8.087057877982023468e-02,-3.030733965671238844e-02,-6.119736349610756243e-02,1.250532337394589209e-02,-1.667240482097144885e-02,3.905489023581334290e-02,-4.544762865880815073e-02,-2.902750415000435527e-02,4.857473133755865757e-02,-3.692124047088436722e-02,4.126323687704019916e-02
-5.695816168619786783e-03,-5.695816168619786783e-03,-9.868933333664148266e-03,2.348830574859258127e-02,-5.695816168619786783e-03,-2.211460820800804569e-02,-1.139767938659258691e-02,-9.173732267477026359e-02,-4.859904218931895836e-02,-2.917230810566846799e-02,-3.936599335641649544e-02,-1.613017640721460533e-02,-3.438835878125572759e-02,-1.695874725514158812e-02,-3.135846853794710398e-02,-4.104068813050818637e-02,-2.917230810566846799e-02,-3.937005602304562840e-02,-3.486894614071483350e-02,-3.894197551007224506e-02,-2.917230810566846799e-02,-2.423826316013335397e-02,-2.423826316013335397e-02,-1.804048166784541149e-02,-4.420605787517056795e-02,-8.056525021362221164e-03,-5.553313376183326155e-02,-5.200316925806001273e-02,-4.929665938684881649e-02,-9.959207942344180942e-02,-6.566816107503192779e-02,9.699857404007399264e-01,-4.094780042480297699e-02,-6.241878013087774624e-02,-2.742304973503092991e-02,-7.317428481349970426e-02,9.302469865663172410e-02,-1.508572483717844463e-02,-1.274524894302099705e-02,-5.124156947866644746e-02,-2.109385496986697014e-02,3.794155815540507098e-02,-1.096674057311126417e-02,1.313478247537115950e-01
-4.079589029027379243e-03,-4.079589029027379243e-03,-7.068555403531391265e-03,-2.663252102819960512e-02,-4.079589029027379243e-03,-1.583943553580140565e-02,-8.163509215428561491e-03,-6.627766422772263244e-02,2.927677961673013848e-02,-2.089446438860936145e-02,-1.894597644582604254e-02,-1.155312755170866644e-02,-2.463042469368589490e-02,-2.663252102819960512e-02,-2.246028671348591216e-02,9.612934312787296820e-02,-2.089446438860936145e-02,-2.819853096886907121e-02,-2.497464207379381657e-02,-2.789192125525364815e-02,-2.089446438860936145e-02,-1.736048874181269144e-02,2.462828702816725543e-02,-1.292137051332292903e-02,-3.166228392651863205e-02,-5.770430455658177860e-03,-2.092996120825177386e-02,-1.720669299917915868e-02,4.899209547403115400e-02,1.905021263605866100e-02,-1.472973831699576040e-02,-2.745105824255465385e-02,2.462794618701116545e-01,-8.432201904667651834e-03,-1.964157015071185328e-02,-5.241057658720330026e-02,-1.415967604218548205e-02,1.235704738293196409e-01,-9.128696611844972636e-03,-7.624448747458366371e-02,2.287361007936786206e-01,-2.219721108274310892e-02,-2.392790469154765925e-02,2.595665852418018241e-02
-4.822297446690773474e-03,-4.822297446690773474e-03,-8.355419242405490859e-03,6.284684008914293019e-02,-4.822297446690773474e-03,5.977225111775025940e-02,-9.649714558376303736e-03,-8.182250483271460983e-02,9.430260341952687586e-01,-2.469840014624816518e-02,-4.540775381580040848e-02,-1.365642889454971899e-02,-2.911450963961148553e-02,-7.897870281476249837e-03,-2.654928780809282657e-02,-3.474662800259224749e-02,-2.469840014624816518e-02,1.129924056832137640e-02,-2.952139341672487330e-02,-3.296977702790245685e-02,-2.469840014624816518e-02,-2.052104757054571543e-02,1.532906658973239716e-02,-1.527376693847963367e-02,-3.742655200042317720e-02,-6.820964527218888879e-03,-4.701649091517616508e-02,-4.402788694525912316e-02,-4.173645139765650575e-02,-8.431849204688529609e-02,-5.559719557412276525e-02,2.008023966027783561e-02,-4.648565299456534211e-02,-6.195216916649019800e-02,-2.321741060504744700e-02,-6.195216916649019800e-02,-1.673751182738101098e-02,-1.277215594923835143e-02,-1.079061887109003699e-02,-2.590758242875199069e-02,2.654495386461110801e-02,-7.493387051284017405e-04,2.405291983762331345e-02,2.800024183230468214e-02
-3.675843053326204382e-03,-3.675843053326204382e-03,-6.368999448779500729e-03,-2.399677190950073521e-02,-3.675843053326204382e-03,-1.427184911730310611e-02,-7.355588621006692827e-03,-5.755691320181293563e-02,-7.762410400182681233e-03,-1.882659533334234483e-02,-3.461250125611746442e-02,-1.040974552901585345e-02,1.072812803123588191e-02,-2.399677190950073521e-02,-2.023745242573255637e-02,-2.648595458529554372e-02,-1.882659533334234483e-02,9.270175120349671838e-01,-2.250296878510583964e-02,4.048232415276758860e-03,-1.882659533334234483e-02,-1.564236777035211967e-02,-1.564236777035211967e-02,-1.164257715737998522e-02,-2.852875267474751578e-02,-5.199346442548423777e-03,-1.501992575210176276e-02,-3.356068433551773894e-02,-3.181401533948143706e-02,-6.427258929665914666e-02,-4.237950217604286723e-02,-4.005568576654205959e-02,-3.543414037154948154e-02,-4.722364250372125538e-02,-1.769769667512971142e-02,-4.722364250372125538e-02,4.400081967809190558e-02,-9.735699890147671287e-03,-8.225254011572057100e-03,3.783630343503457949e-02,-1.036712683689318404e-02,-1.623983754650785635e-02,-2.155982419191045454e-02,3.602105339836198655e-02
-3.675843053326204382e-03,-3.675843053326204382e-03,-6.368999448779500729e-03,-2.399677190950073521e-02,-3.675843053326204382e-03,-1.427184911730310611e-02,-7.355588621006692827e-03,-4.579743160778552979e-02,-3.136380219117991530e-02,-1.882659533334234483e-02,-1.310497934662552093e-02,-1.040974552901585345e-02,1.072812803123588191e-02,-2.399677190950073521e-02,-2.023745242573255637e-02,-2.648595458529554372e-02,-1.882659533334234483e-02,-2.540779804985243001e-02,7.567919733849245434e-01,-2.513153267658656612e-02,5.223927970770354534e-01,-1.564236777035211967e-02,-1.564236777035211967e-02,-1.164257715737998522e-02,-2.698568804191129201e-03,-5.199346442548423777e-03,-3.583877673097987659e-02,-3.356068433551773894e-02,-3.181401533948143706e-02,-6.427258929665914666e-02,-4.237950217604286723e-02,-2.127195785962357130e-02,-3.543414037154948154e-02,-4.722364250372125538e-02,-1.769769667512971142e-02,-4.722364250372125538e-02,-1.275833091193159276e-02,-9.735699890147671287e-03,-8.225254011572057100e-03,-4.501551469394925870e-02,1.218032252980982139e-02,2.455078071858779812e-02,1.230252018720189543e-02,-9.644749580448568754e-03
-1.736304759633521596e-03,-1.736304759633521596e-03,-3.008432051257591174e-03,-1.133500769152903653e-02,-1.736304759633521596e-03,-6.741386721808380680e-03,-3.474452893467078370e-03,-8.291653584496499335e-03,-1.481486511658126372e-02,-8.892846242550300415e-03,1.629616533967423730e-01,-4.917100770188954049e-03,-1.048289994976227615e-02,-1.133500769152903653e-02,6.556708278793825506e-02,-1.251078687058537579e-02,-8.892846242550300415e-03,-1.200151367884072159e-02,-1.062940153881386865e-02,-1.187101820458770496e-02,-8.892846242550300415e-03,-7.388758773861101546e-03,2.829403329699298197e-01,-5.499435595996714221e-03,-1.347571382590687268e-02,-2.455939996407486767e-03,-1.692864404565241551e-02,-1.585257452588698449e-02,-1.502752578269381245e-02,-4.405806110588986711e-03,-2.001819181931007580e-02,-1.892052430908281943e-02,-1.673751182738101098e-02,-2.230634824635605723e-02,-8.359604728981099089e-03,-2.230634824635605723e-02,-6.026468041751957896e-03,-4.598711591434975765e-03,-3.885244141902130174e-03,-7.828429122747488852e-03,3.145495767086681910e-02,-1.730539270345781214e-02,-1.018390198335653203e-02,-1.534155384820695689e-02
-1.416681447860921456e-03,-1.416681447860921456e-03,-2.454632374023081164e-03,-9.248431197838441475e-03,-1.416681447860921456e-03,-5.500415436088346675e-03,-2.834866937000406640e-03,3.199617907114092694e-03,-1.208770778676693421e-02,-7.255828920931957186e-03,-1.333976660108860020e-02,-4.011948593551994437e-03,-8.553181574958625827e-03,-9.248431197838441475e-03,-7.799577671729025947e-03,-1.020777001235729196e-02,-7.255828920931957186e-03,-9.792245100250358131e-03,-8.672714786015044489e-03,-9.685771558449390167e-03,-7.255828920931957186e-03,-6.028617625777858355e-03,-6.028617625777858355e-03,-4.487085771854324411e-03,-1.099507080650671126e-02,-2.003844434950734568e-03,-1.381237701725759881e-02,4.354245438752329944e-02,-1.226122134692959539e-02,-2.477085760779925219e-02,-1.633319312913916049e-02,-1.543758699258346474e-02,-1.365642889454971899e-02,1.881265291782710236e-01,-6.820747835476537180e-03,-1.820014001275190030e-02,-4.917100770188954049e-03,-3.752169289119494482e-03,-3.170038707608464467e-03,-2.647672354699386749e-02,-1.268568477174795116e-02,-1.411977284224633263e-02,-8.309223900129371343e-03,4.573407410977677057e-02
-3.457794047692328097e-03,-3.457794047692328097e-03,-5.991193874237241319e-03,-2.257329648430411034e-02,-3.457794047692328097e-03,-1.342525080953022552e-02,-6.919259114715328902e-03,7.188177116237401409e-02,-2.950331854661951067e-02,-1.770981196355401327e-02,-3.255930655440995164e-02,-9.792245100250358131e-03,-2.087635183151426849e-02,-2.257329648430411034e-02,1.917175235541213052e-02,-2.491482220102200773e-02,-1.770981196355401327e-02,-2.390062132338597461e-02,-2.116810494673753568e-02,-2.364074386142583570e-02,-1.770981196355401327e-02,-1.471447104336909284e-02,-1.471447104336909284e-02,-1.095194582863345117e-02,-2.683644262166336170e-02,-4.890924046571031372e-03,-3.371284003674223512e-02,-8.087715684407231070e-03,-2.992682529644691627e-02,-6.045997434484025324e-02,-3.986557321479872185e-02,-3.767960432762584161e-02,1.129924056832137640e-02,2.988412581038119575e-01,-1.664787895820350055e-02,-4.442236177955419946e-02,-1.200151367884072159e-02,-9.158183481149847691e-03,-7.737336428505926962e-03,-2.696072836804993753e-02,1.842488291871341999e-01,-3.446312264652472146e-02,-2.028090717655166644e-02,-3.055220190139781508e-02
-3.495013684036055602e-03,-3.495013684036055602e-03,-6.055682983243804683e-03,-2.281627506389465737e-02,-3.495013684036055602e-03,-1.356975998100257846e-02,-6.993737902192446489e-03,-5.356588266457037312e-02,-2.982089176587216992e-02,-1.790044007844685328e-02,-3.290977437662390148e-02,-9.897648660032412615e-03,-2.110106452771178323e-02,-2.281627506389465737e-02,-1.924189148771231553e-02,-2.518300492361925588e-02,-1.790044007844685328e-02,-2.415788720497867581e-02,-2.139595806850724813e-02,-2.389521242643614929e-02,-1.790044007844685328e-02,-1.487285735952057451e-02,-1.487285735952057451e-02,-1.106983238733985631e-02,-2.712530963379910023e-02,-4.943569869858180366e-03,-3.407572447374889596e-02,-8.668767754251781657e-03,7.759760420731575126e-01,-3.492200059384213684e-02,-4.029468556713194233e-02,-1.836802210038979144e-02,-3.369099378945374784e-02,-4.490052332652889888e-02,-1.682707644428057051e-02,-4.490052332652889888e-02,-1.213069776804315270e-02,-9.256762012443525353e-03,-7.820620986280633902e-03,3.406361895001241286e-02,1.604281298071012427e-02,-3.483408311278759356e-02,-2.049921051660626853e-02,-3.088106528324933639e-02
-1.119389972565390566e-03,-1.119389972565390566e-03,-1.939526256918670810e-03,-7.307642208806287842e-03,-1.119389972565390566e-03,-4.346149865517008430e-03,-2.239968362419714198e-03,-2.110903654552587910e-02,-9.551094854978186763e-03,-5.733188748257365963e-03,-1.054040835515142847e-02,-3.170038707608464467e-03,-6.758291147947377911e-03,-7.307642208806287842e-03,-6.162831488448703918e-03,-8.065663181613292806e-03,-5.733188748257365963e-03,-7.737336428505926962e-03,-6.852740240964817937e-03,-7.653206425098676817e-03,-5.733188748257365963e-03,-4.763508500034516029e-03,-4.763508500034516029e-03,-3.545468056095885286e-03,-8.687748418696279382e-03,-1.583336444796178046e-03,-1.091384118409708531e-02,-1.022010270096183372e-02,-9.688196487560075260e-03,-1.957267786620844885e-02,-1.290566248067872776e-02,-1.219799984406961212e-02,-1.079061887109003699e-02,2.464345383834785075e-01,-5.389409696836150801e-03,-1.438082940969004873e-02,-3.885244141902130174e-03,-2.964774250379333034e-03,-2.504804130313866700e-03,-2.092056678630304159e-02,-1.002358600097528508e-02,-1.115672980568552415e-02,-6.565528141594347521e-03,-9.890649349414649613e-03
-3.305007337214897062e-03,-3.305007337214897062e-03,-5.726465902804660051e-03,-2.157586874080668488e-02,-3.305007337214897062e-03,-1.283204025961574325e-02,-6.613523485439237043e-03,-6.232458961966000355e-02,-2.819967960030512685e-02,-1.692728302291595169e-02,-3.112063517165523582e-02,-9.359563194844662537e-03,-1.995390559003402259e-02,-2.157586874080668488e-02,-1.819580645399442378e-02,-2.381393138053930492e-02,-1.692728302291595169e-02,-2.284454416552170880e-02,-2.023276724956857980e-02,8.824656757753392977e-01,-1.692728302291595169e-02,-1.406429477603698443e-02,-1.406429477603698443e-02,-1.046802117800231524e-02,-2.565064273522515634e-02,-4.674812795882382979e-03,-3.222319841580668920e-02,-3.017493031169304202e-02,-2.860447320461876122e-02,-5.778847903069252168e-02,-3.810406581766172945e-02,-3.601468654539088932e-02,-3.185938360722523344e-02,-4.245950730229981068e-02,-1.591227278057476269e-02,8.308117793172746512e-02,-1.147121263417216243e-02,-8.753518336628744040e-03,-7.395453087721774038e-03,-4.865532672813787513e-02,-4.611467243873126724e-03,-3.294032890308101064e-02,1.682249838262132591e-01,-3.902129565479044940e-03
-4.822297446690773474e-03,-4.822297446690773474e-03,-8.355419242405490859e-03,-7.897870281476249837e-03,-4.822297446690773474e-03,-1.872307945673848048e-02,-9.649714558376303736e-03,-8.182250483271460983e-02,-4.114582179676631174e-02,-2.469840014624816518e-02,-4.540775381580040848e-02,-1.365642889454971899e-02,-2.911450963961148553e-02,-3.148109705154403942e-02,-2.654928780809282657e-02,-3.474662800259224749e-02,-2.469840014624816518e-02,-1.101607429774730321e-02,-2.952139341672487330e-02,-3.296977702790245685e-02,-2.469840014624816518e-02,-2.052104757054571543e-02,-2.052104757054571543e-02,-1.527376693847963367e-02,-3.742655200042317720e-02,-6.820964527218888879e-03,9.335465593475206214e-01,-9.793853444777478670e-03,-2.373501936951868604e-02,-8.431849204688529609e-02,-5.559719557412276525e-02,-5.254860678087338449e-02,-4.648565299456534211e-02,-4.942371232378938578e-02,-2.321741060504744700e-02,-6.195216916649019800e-02,-1.673751182738101098e-02,-1.277215594923835143e-02,-1.079061887109003699e-02,3.825638325273571921e-02,-4.318129906810903862e-02,1.502022367598135691e-02,-2.828409255875957012e-02,2.800024183230468214e-02
-3.226073812911513152e-03,-3.226073812911513152e-03,-5.589700658618413677e-03,-2.106057204526160659e-02,-3.226073812911513152e-03,-1.252557250982008763e-02,-6.455572635862961810e-03,-7.527729886706057034e-03,-2.752618636172307273e-02,-1.652300854798981200e-02,-3.037738072105282405e-02,-9.136028650581927771e-03,-1.947734625713836570e-02,-2.106057204526160659e-02,9.627511237636465768e-01,-2.324518301189909542e-02,-1.652300854798981200e-02,1.045344202142098160e-02,-1.974954786078370050e-02,-2.205648561978225397e-02,-1.652300854798981200e-02,-1.372839707892331562e-02,-1.372839707892331562e-02,-1.021801332030162004e-02,-2.503802817036778969e-02,-4.563164193689414096e-03,-3.145361143587876995e-02,-2.945426214000963078e-02,-2.792131227621218875e-02,-5.640831619030722138e-02,-3.719402602095414623e-02,-3.515454741538068251e-02,-3.109848562012093587e-02,-4.144544645171784752e-02,-1.553223980572938923e-02,-4.144544645171784752e-02,-1.119724554458266172e-02,1.599135516446968663e-01,-7.218827405393896113e-03,-6.614069441652001627e-03,2.226157441451129607e-02,-3.215361468833319303e-02,-1.892180466561559429e-02,7.508847932516611590e-02
-6.934641745082511383e-03,-6.934641745082511383e-03,-1.201540131370629032e-02,-4.527097969546511197e-02,-6.934641745082511383e-03,-2.692447942760035559e-02,-1.387664575742164445e-02,-1.307708748646351504e-01,-4.602810104673944053e-02,9.343576324373176201e-02,-5.331668449572102286e-02,-1.963844888205383554e-02,-4.186773963373138091e-02,3.787594366999810225e-01,-3.817885594397606164e-02,-4.996693375125190600e-02,-3.551721116009941281e-02,-4.793294339585525005e-02,-4.245285352547267799e-02,-4.741175645659331112e-02,-1.402203822670045237e-02,-2.951002394785616489e-02,-2.951002394785616489e-02,-2.196424069380593924e-02,4.344455468424263112e-01,-9.808798788353180129e-03,-5.601138576601150804e-02,-6.331372673161972386e-02,-3.408793583183175602e-02,-1.142556470997528328e-01,-7.995081962486649818e-02,-6.509286386199746033e-02,6.700028394593943171e-01,-7.100623150601645395e-02,-1.054883548172100630e-02,-8.908950624669031981e-02,-2.406915987868374004e-02,-1.836683174346124409e-02,3.326890716953005006e-02,-8.972187449289967254e-02,1.261736297409790097e-01,5.586404033456791179e-02,-4.067356921633893257e-02,4.042976100426842051e-02
-3.531867466412864226e-03,-3.531867466412864226e-03,1.116539360482257381e-01,-2.305686526235223299e-02,-3.531867466412864226e-03,-1.371284868578495283e-02,-7.067484593321334517e-03,6.688357965650947902e-03,-3.013534336886350765e-02,-1.808919439609471894e-02,-3.325679724193793957e-02,-1.000201614546603404e-02,8.337631169959550670e-01,-2.305686526235223299e-02,-1.944479097409927693e-02,-2.544855151855487246e-02,-1.808919439609471894e-02,-2.441262426704008878e-02,-2.162157148627490144e-02,-2.414717966840543989e-02,-1.808919439609471894e-02,-1.502968680226430404e-02,-1.502968680226430404e-02,-1.118656016886878345e-02,-2.741133720007550914e-02,-4.995698206001891566e-03,-1.280073741147206082e-02,-3.224617793404143534e-02,-3.056792254821628918e-02,-4.879119213096681784e-02,-4.071957991865222254e-02,-3.848678285534846977e-02,-3.404625435934687666e-02,-4.537398473895170453e-02,-1.700451249156931938e-02,2.192220859762512852e-02,-1.225861202991409063e-02,-9.354371556657537987e-03,-7.903086890547722509e-03,-4.505054886387136956e-03,-3.162613402057072587e-02,4.957509139723691172e-02,-2.071536802314941084e-02,1.625024262739690334e-02
